Москва и МО;ГлавнаяКаталог продукцииТовары для малышейПодгузники и гигиенаПодгузники и пеленкиHuggies 9400113 Хаггис Подгузники Элит Софт 1 (до 5кг), 84 шт.Вернуться;Huggies 9400113 Хаггис Подгузники Элит Софт 1 (до 5кг), 84 шт.;1 379 руб.;Нет старой цены;Товар есть в наличии;https://cdn.toy.ru/upload/resize_cache/iblock/576/80_80_10240811ca8906714d1a9f41f2f5b358d/0-_1_.jpg?_cvc=1648870822;https://cdn.toy.ru/upload/resize_cache/iblock/82e/80_80_10240811ca8906714d1a9f41f2f5b358d/1.jpg?_cvc=1648870822;https://cdn.toy.ru/upload/resize_cache/iblock/13d/80_80_10240811ca8906714d1a9f41f2f5b358d/2.jpg?_cvc=1648870822;https://cdn.toy.ru/upload/resize_cache/iblock/2eb/80_80_10240811ca8906714d1a9f41f2f5b358d/3.jpg?_cvc=1648870822;https://cdn.toy.ru/upload/resize_cache/iblock/714/80_80_10240811ca8906714d1a9f41f2f5b358d/4.jpg?_cvc=1648870822;https://cdn.toy.ru/upload/resize_cache/iblock/63d/80_80_10240811ca8906714d1a9f41f2f5b358d/5.jpg?_cvc=1648870822;https://cdn.toy.ru/upload/resize_cache/iblock/a4e/80_80_10240811ca8906714d1a9f41f2f5b358d/6.jpg?_cvc=1648870822;https://cdn.toy.ru/upload/resize_cache/iblock/f73/80_80_10240811ca8906714d1a9f41f2f5b358d/7.jpg?_cvc=1648870822;https://www.toy.ru/catalog/podguzniki_i_pelenki/huggies_9400113_podguzniki_khaggis_elit_soft_1_do_5kg_84/
Москва и МО;ГлавнаяКаталог продукцииТовары для малышейПодгузники и гигиенаПодгузники и пеленкиHuggies 9402639 Хаггис Трусики-подгузники Хаггис для мальчиков (размер 5, 13-17кг), 48 шт.Вернуться;Huggies 9402639 Хаггис Трусики-подгузники Хаггис для мальчиков (размер 5, 13-17кг), 48 шт.;1 579 руб.;Нет старой цены;Товар есть в наличии;https://cdn.toy.ru/upload/resize_cache/iblock/cc7/80_80_10240811ca8906714d1a9f41f2f5b358d/0.jpg?_cvc=1648870822;https://cdn.toy.ru/upload/resize_cache/iblock/690/80_80_10240811ca8906714d1a9f41f2f5b358d/1.jpg?_cvc=1648870822;https://cdn.toy.ru/upload/resize_cache/iblock/f4f/80_80_10240811ca8906714d1a9f41f2f5b358d/2.jpg?_cvc=1648870822;https://cdn.toy.ru/upload/resize_cache/iblock/535/80_80_10240811ca8906714d1a9f41f2f5b358d/3.jpg?_cvc=1648870822;https://cdn.toy.ru/upload/resize_cache/iblock/d9a/80_80_10240811ca8906714d1a9f41f2f5b358d/4.jpg?_cvc=1648870822;https://cdn.toy.ru/upload/resize_cache/iblock/7dc/80_80_10240811ca8906714d1a9f41f2f5b358d/5.jpg?_cvc=1648870822;https://cdn.toy.ru/upload/resize_cache/iblock/222/80_80_10240811ca8906714d1a9f41f2f5b358d/6.jpg?_cvc=1648870822;https://cdn.toy.ru/upload/resize_cache/iblock/875/80_80_10240811ca8906714d1a9f41f2f5b358d/7.jpg?_cvc=1648870822;https://www.toy.ru/catalog/podguzniki_i_pelenki/huggies_9402639_khaggis_trusiki_podguzniki_khaggis_5_dlya_malchikov_13_17kg_48_sht/
Москва и МО;ГлавнаяКаталог продукцииТовары для малышейПодгузники и гигиенаПодгузники и пеленкиHuggies 9400123 Хаггис Подгузники Элит Софт 2 (4-6кг), 82 шт.Вернуться;Huggies 9400123 Хаггис Подгузники Элит Софт 2 (4-6кг), 82 шт.;1 379 руб.;Нет старой цены;Товар есть в наличии;https://cdn.toy.ru/upload/resize_cache/iblock/750/80_80_10240811ca8906714d1a9f41f2f5b358d/0.jpg?_cvc=1648870822;https://cdn.toy.ru/upload/resize_cache/iblock/dd9/80_80_10240811ca8906714d1a9f41f2f5b358d/1.jpg?_cvc=1648870822;https://cdn.toy.ru/upload/resize_cache/iblock/7be/80_80_10240811ca8906714d1a9f41f2f5b358d/2.jpg?_cvc=1648870822;https://cdn.toy.ru/upload/resize_cache/iblock/725/80_80_10240811ca8906714d1a9f41f2f5b358d/3.jpg?_cvc=1648870822;https://cdn.toy.ru/upload/resize_cache/iblock/90b/80_80_10240811ca8906714d1a9f41f2f5b358d/4.jpg?_cvc=1648870822;https://cdn.toy.ru/upload/resize_cache/iblock/d06/80_80_10240811ca8906714d1a9f41f2f5b358d/5.jpg?_cvc=1648870822;https://cdn.toy.ru/upload/resize_cache/iblock/684/80_80_10240811ca8906714d1a9f41f2f5b358d/6.jpg?_cvc=1648870822;https://cdn.toy.ru/upload/resize_cache/iblock/c06/80_80_10240811ca8906714d1a9f41f2f5b358d/7.jpg?_cvc=1648870822;https://www.toy.ru/catalog/podguzniki_i_pelenki/huggies_9400123_khaggis_podguzniki_elit_soft_2_4_6kg_82/
Москва и МО;ГлавнаяКаталог продукцииТовары для малышейПодгузники и гигиенаПодгузники и пеленкиHuggies 9402640 Хаггис Трусики-подгузники для девочек (размер 5, 13-17кг), 48 шт.Вернуться;Huggies 9402640 Хаггис Трусики-подгузники для девочек (размер 5, 13-17кг), 48 шт.;1 579 руб.;Нет старой цены;Товар есть в наличии;https://cdn.toy.ru/upload/resize_cache/iblock/761/80_80_10240811ca8906714d1a9f41f2f5b358d/0-_1_.jpg?_cvc=1648870822;https://cdn.toy.ru/upload/resize_cache/iblock/b81/80_80_10240811ca8906714d1a9f41f2f5b358d/1.jpg?_cvc=1648870822;https://cdn.toy.ru/upload/resize_cache/iblock/adb/80_80_10240811ca8906714d1a9f41f2f5b358d/2.jpg?_cvc=1648870822;https://cdn.toy.ru/upload/resize_cache/iblock/2c2/80_80_10240811ca8906714d1a9f41f2f5b358d/3.jpg?_cvc=1648870822;https://cdn.toy.ru/upload/resize_cache/iblock/d8e/80_80_10240811ca8906714d1a9f41f2f5b358d/4.jpg?_cvc=1648870822;https://cdn.toy.ru/upload/resize_cache/iblock/9dd/80_80_10240811ca8906714d1a9f41f2f5b358d/5.jpg?_cvc=1648870822;https://cdn.toy.ru/upload/resize_cache/iblock/e3e/80_80_10240811ca8906714d1a9f41f2f5b358d/6.jpg?_cvc=1648870822;https://cdn.toy.ru/upload/resize_cache/iblock/5fa/80_80_10240811ca8906714d1a9f41f2f5b358d/7.jpg?_cvc=1648870822;https://www.toy.ru/catalog/podguzniki_i_pelenki/huggies_9402640_khaggis_trusiki_podguzniki_5_dlya_devochek_13_17kg_48_sht/
Москва и МО;ГлавнаяКаталог продукцииТовары для малышейПодгузники и гигиенаПодгузники и пеленкиLUXSAN 26660 Пелёнка Baby 60х60 с рисункомВернуться;LUXSAN 26660 Пелёнка Baby 60х60 с рисунком;569 руб.;Нет старой цены;Товар есть в наличии;https://cdn.toy.ru/upload/resize_cache/iblock/86c/80_80_10240811ca8906714d1a9f41f2f5b358d/pelyonka_baby_60h60_s_risunkom_20_6_luxsan_528515_1.png?_cvc=1648870822;https://www.toy.ru/catalog/podguzniki_i_pelenki/luxsan_26660_pelyenka_baby_60kh60_s_risunkom/
Москва и МО;ГлавнаяКаталог продукцииТовары для малышейПодгузники и гигиенаПодгузники и пеленкиLUXSAN 26990 Пелёнка Baby 60х90 с рисункомВернуться;LUXSAN 26990 Пелёнка Baby 60х90 с рисунком;739 руб.;Нет старой цены;Товар есть в наличии;https://cdn.toy.ru/upload/resize_cache/iblock/44a/80_80_10240811ca8906714d1a9f41f2f5b358d/pelenki_luxsan_baby_60_90_20.jpg?_cvc=1648870822;https://www.toy.ru/catalog/podguzniki_i_pelenki/luxsan_26990_pelyenka_baby_60kh90_s_risunkom/
Москва и МО;ГлавнаяКаталог продукцииТовары для малышейПодгузники и гигиенаПодгузники и пеленкиLUXSAN 6630P Пелёнка универсальная, серия "Жираф" 60х60Вернуться;LUXSAN 6630P Пелёнка универсальная, серия "Жираф" 60х60;689 руб.;Нет старой цены;Товар есть в наличии;https://cdn.toy.ru/upload/resize_cache/iblock/be7/80_80_10240811ca8906714d1a9f41f2f5b358d/1027079565.jpg?_cvc=1648870822;https://www.toy.ru/catalog/podguzniki_i_pelenki/luxsan_6630p_pelyenka_universalnaya_seriya_zhiraf_60kh60/
Москва и МО;ГлавнаяКаталог продукцииТовары для малышейПодгузники и гигиенаПодгузники и пеленкиHuggies 9402637 Хаггис Трусики-подгузники для мальчиков (размер 4, 9-14кг), 52 шт.Вернуться;Huggies 9402637 Хаггис Трусики-подгузники для мальчиков (размер 4, 9-14кг), 52 шт.;1 579 руб.;Нет старой цены;Товар есть в наличии;https://cdn.toy.ru/upload/resize_cache/iblock/adc/80_80_10240811ca8906714d1a9f41f2f5b358d/0.jpg?_cvc=1648870822;https://cdn.toy.ru/upload/resize_cache/iblock/33a/80_80_10240811ca8906714d1a9f41f2f5b358d/1.jpg?_cvc=1648870822;https://cdn.toy.ru/upload/resize_cache/iblock/67c/80_80_10240811ca8906714d1a9f41f2f5b358d/2.jpg?_cvc=1648870822;https://cdn.toy.ru/upload/resize_cache/iblock/58f/80_80_10240811ca8906714d1a9f41f2f5b358d/3.jpg?_cvc=1648870822;https://cdn.toy.ru/upload/resize_cache/iblock/a77/80_80_10240811ca8906714d1a9f41f2f5b358d/4.jpg?_cvc=1648870822;https://cdn.toy.ru/upload/resize_cache/iblock/f86/80_80_10240811ca8906714d1a9f41f2f5b358d/5.jpg?_cvc=1648870822;https://cdn.toy.ru/upload/resize_cache/iblock/214/80_80_10240811ca8906714d1a9f41f2f5b358d/6.jpg?_cvc=1648870822;https://cdn.toy.ru/upload/resize_cache/iblock/e7e/80_80_10240811ca8906714d1a9f41f2f5b358d/7.jpg?_cvc=1648870822;https://www.toy.ru/catalog/podguzniki_i_pelenki/huggies_9402637_trusiki_podguzniki_khaggis_4_dlya_malchiki_9_14kg_52/
Москва и МО;ГлавнаяКаталог продукцииТовары для малышейПодгузники и гигиенаПодгузники и пеленкиHuggies 9402638 Хаггис Трусики-подгузники для девочек (размер 4, 9-14кг), 52 шт.Вернуться;Huggies 9402638 Хаггис Трусики-подгузники для девочек (размер 4, 9-14кг), 52 шт.;1 579 руб.;Нет старой цены;Товар есть в наличии;https://cdn.toy.ru/upload/resize_cache/iblock/f18/80_80_10240811ca8906714d1a9f41f2f5b358d/0-_1_.jpg?_cvc=1648870822;https://cdn.toy.ru/upload/resize_cache/iblock/6ea/80_80_10240811ca8906714d1a9f41f2f5b358d/1.jpg?_cvc=1648870822;https://cdn.toy.ru/upload/resize_cache/iblock/78a/80_80_10240811ca8906714d1a9f41f2f5b358d/2.jpg?_cvc=1648870822;https://cdn.toy.ru/upload/resize_cache/iblock/728/80_80_10240811ca8906714d1a9f41f2f5b358d/3.jpg?_cvc=1648870822;https://cdn.toy.ru/upload/resize_cache/iblock/e89/80_80_10240811ca8906714d1a9f41f2f5b358d/4.jpg?_cvc=1648870822;https://cdn.toy.ru/upload/resize_cache/iblock/71e/80_80_10240811ca8906714d1a9f41f2f5b358d/5.jpg?_cvc=1648870822;https://cdn.toy.ru/upload/resize_cache/iblock/f62/80_80_10240811ca8906714d1a9f41f2f5b358d/6.jpg?_cvc=1648870822;https://cdn.toy.ru/upload/resize_cache/iblock/9c6/80_80_10240811ca8906714d1a9f41f2f5b358d/7.jpg?_cvc=1648870822;https://www.toy.ru/catalog/podguzniki_i_pelenki/huggies_9402638_khaggis_trusiki_podguzniki_4_dlya_devochek_9_14kg_52_sht/
Москва и МО;ГлавнаяКаталог продукцииТовары для малышейПодгузники и гигиенаПодгузники и пеленкиСолнце и Луна 8100UR Пеленки одноразовые детские впитывающие 60х60см 5 штВернуться;Солнце и Луна 8100UR Пеленки одноразовые детские впитывающие 60х60см 5 шт;149 руб.;Нет старой цены;Товар есть в наличии;https://cdn.toy.ru/upload/resize_cache/iblock/087/80_80_10240811ca8906714d1a9f41f2f5b358d/1600.jpg?_cvc=1648870822;https://www.toy.ru/catalog/podguzniki_i_pelenki/solntse_i_luna_8100ur_pelenki_odnorazovye_detskie_vpityvayushchie_60kh60sm_5_sht/
Москва и МО;ГлавнаяКаталог продукцииТовары для малышейПодгузники и гигиенаПодгузники и пеленкиHuggies 2398194 Хаггис Влажные салфетки Элит Софт (64 шт.)Вернуться;Huggies 2398194 Хаггис Влажные салфетки Элит Софт (64 шт.);169 руб.;Нет старой цены;Товар есть в наличии;https://cdn.toy.ru/upload/resize_cache/iblock/02e/80_80_10240811ca8906714d1a9f41f2f5b358d/0.jpg?_cvc=1648870822;https://cdn.toy.ru/upload/resize_cache/iblock/31f/80_80_10240811ca8906714d1a9f41f2f5b358d/2.jpg?_cvc=1648870822;https://cdn.toy.ru/upload/resize_cache/iblock/8e7/80_80_10240811ca8906714d1a9f41f2f5b358d/3.jpg?_cvc=1648870822;https://cdn.toy.ru/upload/resize_cache/iblock/b8a/80_80_10240811ca8906714d1a9f41f2f5b358d/4.jpg?_cvc=1648870822;https://cdn.toy.ru/upload/resize_cache/iblock/5f3/80_80_10240811ca8906714d1a9f41f2f5b358d/5.jpg?_cvc=1648870822;https://cdn.toy.ru/upload/resize_cache/iblock/213/80_80_10240811ca8906714d1a9f41f2f5b358d/6.jpg?_cvc=1648870822;https://cdn.toy.ru/upload/resize_cache/iblock/4f8/80_80_10240811ca8906714d1a9f41f2f5b358d/7.jpg?_cvc=1648870822;https://www.toy.ru/catalog/podguzniki_i_pelenki/huggies_2398194_vlazhnye_salfetki_khaggis_elit_soft_64/
Москва и МО;ГлавнаяКаталог продукцииТовары для малышейПодгузники и гигиенаПодгузники и пеленкиHuggies 2398294 Хаггис Влажные салфетки Элит Софт (128 шт.)Вернуться;Huggies 2398294 Хаггис Влажные салфетки Элит Софт (128 шт.);299 руб.;Нет старой цены;Товар есть в наличии;https://cdn.toy.ru/upload/resize_cache/iblock/ea5/80_80_10240811ca8906714d1a9f41f2f5b358d/1.jpg?_cvc=1648870822;https://cdn.toy.ru/upload/resize_cache/iblock/f9d/80_80_10240811ca8906714d1a9f41f2f5b358d/2.jpg?_cvc=1648870822;https://cdn.toy.ru/upload/resize_cache/iblock/f2f/80_80_10240811ca8906714d1a9f41f2f5b358d/3.jpg?_cvc=1648870822;https://cdn.toy.ru/upload/resize_cache/iblock/f15/80_80_10240811ca8906714d1a9f41f2f5b358d/4.jpg?_cvc=1648870822;https://cdn.toy.ru/upload/resize_cache/iblock/449/80_80_10240811ca8906714d1a9f41f2f5b358d/5.jpg?_cvc=1648870822;https://cdn.toy.ru/upload/resize_cache/iblock/bc5/80_80_10240811ca8906714d1a9f41f2f5b358d/6.jpg?_cvc=1648870822;https://cdn.toy.ru/upload/resize_cache/iblock/3a3/80_80_10240811ca8906714d1a9f41f2f5b358d/7.jpg?_cvc=1648870822;https://www.toy.ru/catalog/podguzniki_i_pelenki/huggies_2398294_vlazhnye_salfetki_khaggis_elit_soft_128/
